,ind,Species,Start_UTC,End_UTC,Foraging1,Foraging2,pre.Foraging1,abl.Foraging1,akw.Foraging1,Session,HPAS_order,KW_order,maxRL,weights
13,sw08_152a,SW,31/05/2008 23:48,01/06/2008 00:35,0.809106873,0.809106873,0.820296983,0.718923597,0.349821075,Baseline,0,0,NA,0.762166667
131,sw08_152a,SW,01/06/2008 00:35,01/06/2008 01:35,0.828843333,0.828843333,0.820296983,0.718923597,0.349821075,Baseline,0,0,NA,1
15,sw08_152a,SW,01/06/2008 04:11,01/06/2008 05:10,0.049769955,0.337824177,0.820296983,0.718923597,0.349821075,LFAS,1,0,159.0790761,0.983611111
171,sw09_141a,SW,21/05/2009 09:18,21/05/2009 10:18,0.527565556,0.527565556,0.321602839,0.718923597,0.349821075,Baseline,0,0,NA,1
172,sw09_141a,SW,21/05/2009 10:18,21/05/2009 11:18,0.116676667,0.116676667,0.321602839,0.718923597,0.349821075,Baseline,0,0,NA,1
173,sw09_141a,SW,21/05/2009 11:18,21/05/2009 12:18,0.316676667,0.416676667,0.321602839,0.718923597,0.349821075,Baseline,0,0,NA,1
18,sw09_141a,SW,21/05/2009 12:19,21/05/2009 12:58,1.00E-05,0.102574103,0.321602839,0.718923597,0.349821075,LFAS,1,0,168.8894138,0.65
20,sw09_141a,SW,21/05/2009 15:53,21/05/2009 16:57,0.708551667,0.755426667,0.321602839,0.718923597,0.349821075,No-sonar,0,0,NA,1.066666667
21,sw09_141a,SW,21/05/2009 19:02,21/05/2009 19:23,0.359884608,0.547972382,0.321602839,0.718923597,0.349821075,PB-mammal,0,1,NA,0.354444444
23,sw09_142a,SW,22/05/2009 17:24,22/05/2009 18:10,0.865168439,0.865168439,0.860179538,0.718923597,0.349821075,Baseline,0,0,NA,0.741611111
231,sw09_142a,SW,22/05/2009 18:10,22/05/2009 19:10,0.816676667,0.816676667,0.860179538,0.718923597,0.349821075,Baseline,0,0,NA,1
232,sw09_142a,SW,22/05/2009 19:10,22/05/2009 20:10,0.90001,0.90001,0.860179538,0.718923597,0.349821075,Baseline,0,0,NA,1
24,sw09_142a,SW,22/05/2009 20:10,22/05/2009 20:45,0.857152857,0.857152857,0.860179538,0.718923597,0.349821075,No-sonar,0,0,NA,0.583333333
25,sw09_142a,SW,22/05/2009 21:48,22/05/2009 22:30,1.00E-05,0.333343333,0.860179538,0.718923597,0.349821075,LFAS,1,0,164.9804926,0.7
27,sw09_142a,SW,23/05/2009 02:34,23/05/2009 02:53,1.00E-05,1.00E-05,0.860179538,0.718923597,0.349821075,PB-mammal,0,1,NA,0.316666667
32,sw09_160a,SW,09/06/2009 09:04,09/06/2009 09:20,1,1,0.805108216,0.718923597,0.349821075,Baseline,0,0,NA,0.249666667
321,sw09_160a,SW,09/06/2009 09:20,09/06/2009 10:20,0.60001,0.816676667,0.805108216,0.718923597,0.349821075,Baseline,0,0,NA,1
322,sw09_160a,SW,09/06/2009 10:20,09/06/2009 11:20,0.866676667,0.866676667,0.805108216,0.718923597,0.349821075,Baseline,0,0,NA,1
323,sw09_160a,SW,09/06/2009 11:20,09/06/2009 12:20,0.90001,0.90001,0.805108216,0.718923597,0.349821075,Baseline,0,0,NA,1
34,sw09_160a,SW,09/06/2009 14:46,09/06/2009 15:28,0.57601,0.57601,0.805108216,0.718923597,0.349821075,LFAS,1,0,169.6232761,0.694444444
35,sw09_160a,SW,09/06/2009 18:24,09/06/2009 18:43,1,1,0.805108216,0.718923597,0.349821075,PB-mammal,0,1,NA,0.316666667
401,sw10_149a,SW,29/05/2010 05:02,29/05/2010 06:02,0.833343333,0.833343333,0.80217113,0.718923597,0.349821075,Baseline,0,0,NA,1
402,sw10_149a,SW,29/05/2010 06:02,29/05/2010 07:02,0.80001,0.80001,0.80217113,0.718923597,0.349821075,Baseline,0,0,NA,1
403,sw10_149a,SW,29/05/2010 07:02,29/05/2010 08:02,0.87451,0.87451,0.80217113,0.718923597,0.349821075,Baseline,0,0,NA,1
404,sw10_149a,SW,29/05/2010 08:02,29/05/2010 09:02,0.842176667,0.842176667,0.80217113,0.718923597,0.349821075,Baseline,0,0,NA,1
405,sw10_149a,SW,29/05/2010 09:02,29/05/2010 10:02,0.766676667,0.766676667,0.80217113,0.718923597,0.349821075,Baseline,0,0,NA,1
406,sw10_149a,SW,29/05/2010 10:02,29/05/2010 11:02,0.866676667,0.866676667,0.80217113,0.718923597,0.349821075,Baseline,0,0,NA,1
407,sw10_149a,SW,29/05/2010 11:02,29/05/2010 12:02,0.783343333,0.783343333,0.80217113,0.718923597,0.349821075,Baseline,0,0,NA,1
408,sw10_149a,SW,29/05/2010 12:02,29/05/2010 13:02,0.766676667,0.766676667,0.80217113,0.718923597,0.349821075,Baseline,0,0,NA,1
409,sw10_149a,SW,29/05/2010 13:02,29/05/2010 14:02,0.841176667,0.841176667,0.80217113,0.718923597,0.349821075,Baseline,0,0,NA,1
4010,sw10_149a,SW,29/05/2010 14:02,29/05/2010 15:02,0.658843333,0.658843333,0.80217113,0.718923597,0.349821075,Baseline,0,0,NA,1
41,sw10_149a,SW,29/05/2010 15:02,29/05/2010 15:18,1,1,0.80217113,0.718923597,0.349821075,PB-BBN,0,0,NA,0.253888889
42,sw10_149a,SW,29/05/2010 15:44,29/05/2010 15:59,1.00E-05,0.073565556,0.80217113,0.718923597,0.349821075,PB-mammal,0,1,NA,0.25
45,sw10_150a,SW,30/05/2010 13:45,30/05/2010 14:35,0.676671802,0.880599094,0.652526497,0.718923597,0.349821075,Baseline,0,0,NA,0.837444444
451,sw10_150a,SW,30/05/2010 14:35,30/05/2010 15:35,0.637454444,0.75001,0.652526497,0.718923597,0.349821075,Baseline,0,0,NA,1
452,sw10_150a,SW,30/05/2010 15:35,30/05/2010 16:35,0.516676667,0.733343333,0.652526497,0.718923597,0.349821075,Baseline,0,0,NA,1
453,sw10_150a,SW,30/05/2010 16:35,30/05/2010 17:35,0.829232222,0.829232222,0.652526497,0.718923597,0.349821075,Baseline,0,0,NA,1
454,sw10_150a,SW,30/05/2010 17:35,30/05/2010 18:35,0.516676667,0.75001,0.652526497,0.718923597,0.349821075,Baseline,0,0,NA,1
455,sw10_150a,SW,30/05/2010 18:35,30/05/2010 19:35,0.820787778,0.820787778,0.652526497,0.718923597,0.349821075,Baseline,0,0,NA,1
456,sw10_150a,SW,30/05/2010 19:35,30/05/2010 20:35,0.779232222,0.816676667,0.652526497,0.718923597,0.349821075,Baseline,0,0,NA,1
457,sw10_150a,SW,30/05/2010 20:35,30/05/2010 21:35,0.583343333,0.762565556,0.652526497,0.718923597,0.349821075,Baseline,0,0,NA,1
458,sw10_150a,SW,30/05/2010 21:35,30/05/2010 22:35,0.516676667,0.737454444,0.652526497,0.718923597,0.349821075,Baseline,0,0,NA,1
46,sw10_150a,SW,30/05/2010 22:36,30/05/2010 22:50,0.276189775,1,0.652526497,0.718923597,0.349821075,PB-BBN,0,0,NA,0.247222222
47,sw10_150a,SW,30/05/2010 23:03,30/05/2010 23:19,0.389240769,0.604405604,0.652526497,0.718923597,0.349821075,PB-mammal,0,1,NA,0.252777778
52,sw16_126a,SW,05/05/2016 15:07,05/05/2016 15:35,0.84055087,0.84055087,0.406242202,0.718923597,0.349821075,Baseline,0,0,NA,0.456055556
521,sw16_126a,SW,05/05/2016 15:35,05/05/2016 16:35,0.683343333,0.683343333,0.406242202,0.718923597,0.349821075,Baseline,0,0,NA,1
522,sw16_126a,SW,05/05/2016 16:35,05/05/2016 17:35,1.00E-05,1.00E-05,0.406242202,0.718923597,0.349821075,Baseline,0,0,NA,1
523,sw16_126a,SW,05/05/2016 17:35,05/05/2016 18:35,0.30001,0.456065556,0.406242202,0.718923597,0.349821075,Baseline,0,0,NA,1
524,sw16_126a,SW,05/05/2016 18:35,05/05/2016 19:35,0.506065556,0.683343333,0.406242202,0.718923597,0.349821075,Baseline,0,0,NA,1
525,sw16_126a,SW,05/05/2016 19:35,05/05/2016 20:35,0.077287778,0.260621111,0.406242202,0.718923597,0.349821075,Baseline,0,0,NA,1
526,sw16_126a,SW,05/05/2016 20:35,05/05/2016 21:35,0.672732222,0.672732222,0.406242202,0.718923597,0.349821075,Baseline,0,0,NA,1
105,sw16_134b,SW,13/05/2016 22:57,13/05/2016 23:11,1,1,0.770339475,0.718923597,0.349821075,Baseline,0,0,NA,0.209111111
1051,sw16_134b,SW,13/05/2016 23:11,14/05/2016 00:11,0.790898889,0.790898889,0.770339475,0.718923597,0.349821075,Baseline,0,0,NA,1
1052,sw16_134b,SW,14/05/2016 00:11,14/05/2016 01:11,0.709121111,0.842454444,0.770339475,0.718923597,0.349821075,Baseline,0,0,NA,1
1053,sw16_134b,SW,14/05/2016 01:11,14/05/2016 02:11,0.716676667,0.716676667,0.770339475,0.718923597,0.349821075,Baseline,0,0,NA,1
1054,sw16_134b,SW,14/05/2016 02:11,14/05/2016 03:11,0.816676667,0.816676667,0.770339475,0.718923597,0.349821075,Baseline,0,0,NA,1
106,sw16_134b,SW,14/05/2016 03:11,14/05/2016 03:51,0.875062062,0.875062062,0.770339475,0.718923597,0.349821075,No-sonar,0,0,NA,0.666944444
115,sw16_135a,SW,14/05/2016 22:10,14/05/2016 22:45,0.554200608,0.791965617,0.79901089,0.718923597,0.349821075,Baseline,0,0,NA,0.560777778
1151,sw16_135a,SW,14/05/2016 22:45,14/05/2016 23:45,0.80001,0.80001,0.79901089,0.718923597,0.349821075,Baseline,0,0,NA,1
1152,sw16_135a,SW,14/05/2016 23:45,15/05/2016 00:45,0.866676667,0.866676667,0.79901089,0.718923597,0.349821075,Baseline,0,0,NA,1
1153,sw16_135a,SW,15/05/2016 00:45,15/05/2016 01:45,0.883343333,0.883343333,0.79901089,0.718923597,0.349821075,Baseline,0,0,NA,1
1154,sw16_135a,SW,15/05/2016 01:45,15/05/2016 02:45,0.783343333,0.783343333,0.79901089,0.718923597,0.349821075,Baseline,0,0,NA,1
116,sw16_135a,SW,15/05/2016 02:45,15/05/2016 03:25,0.800093299,0.800093299,0.79901089,0.718923597,0.349821075,No-sonar,0,0,NA,0.666944444
117,sw16_135a,SW,15/05/2016 05:33,15/05/2016 06:05,0.437802816,0.562737746,0.79901089,0.718923597,0.349821075,LFAS,1,0,174.9112854,0.533611111
125,sw16_136a,SW,15/05/2016 22:41,15/05/2016 23:38,0.857314239,0.857314239,0.837872527,0.718923597,0.349821075,Baseline,0,0,NA,0.934388889
1251,sw16_136a,SW,15/05/2016 23:38,16/05/2016 00:38,0.816676667,0.816676667,0.837872527,0.718923597,0.349821075,Baseline,0,0,NA,1
1252,sw16_136a,SW,16/05/2016 00:38,16/05/2016 01:38,0.816676667,0.816676667,0.837872527,0.718923597,0.349821075,Baseline,0,0,NA,1
1253,sw16_136a,SW,16/05/2016 01:38,16/05/2016 02:38,0.833343333,0.833343333,0.837872527,0.718923597,0.349821075,Baseline,0,0,NA,1
1254,sw16_136a,SW,16/05/2016 02:38,16/05/2016 03:38,0.866676667,0.866676667,0.837872527,0.718923597,0.349821075,Baseline,0,0,NA,1
126,sw16_136a,SW,16/05/2016 03:38,16/05/2016 04:18,0.823083719,0.823083719,0.837872527,0.718923597,0.349821075,No-sonar,0,0,NA,0.666944444
1501,sw17_179a,SW,28/06/2017 04:23,28/06/2017 05:23,0.726176667,0.833343333,0.446736858,0.718923597,0.349821075,Baseline,0,0,NA,1
1502,sw17_179a,SW,28/06/2017 05:23,28/06/2017 06:23,0.823843333,0.883343333,0.446736858,0.718923597,0.349821075,Baseline,0,0,NA,1
1503,sw17_179a,SW,28/06/2017 06:23,28/06/2017 07:23,0.633343333,0.75001,0.446736858,0.718923597,0.349821075,Baseline,0,0,NA,1
1504,sw17_179a,SW,28/06/2017 07:23,28/06/2017 08:23,0.576176667,0.776176667,0.446736858,0.718923597,0.349821075,Baseline,0,0,NA,1
1505,sw17_179a,SW,28/06/2017 08:23,28/06/2017 09:23,1.00E-05,1.00E-05,0.446736858,0.718923597,0.349821075,Baseline,0,0,NA,1
1506,sw17_179a,SW,28/06/2017 09:23,28/06/2017 10:23,1.00E-05,1.00E-05,0.446736858,0.718923597,0.349821075,Baseline,0,0,NA,1
1507,sw17_179a,SW,28/06/2017 10:23,28/06/2017 11:23,1.00E-05,1.00E-05,0.446736858,0.718923597,0.349821075,Baseline,0,0,NA,1
1508,sw17_179a,SW,28/06/2017 11:23,28/06/2017 12:23,0.557176667,0.773843333,0.446736858,0.718923597,0.349821075,Baseline,0,0,NA,1
1509,sw17_179a,SW,28/06/2017 12:23,28/06/2017 13:23,0.70001,0.85001,0.446736858,0.718923597,0.349821075,Baseline,0,0,NA,1
165,sw17_180a,SW,29/06/2017 13:37,29/06/2017 14:01,0.294542628,0.603184603,0.779199025,0.718923597,0.349821075,Baseline,0,0,NA,0.378
1651,sw17_180a,SW,29/06/2017 14:01,29/06/2017 15:01,0.816676667,0.816676667,0.779199025,0.718923597,0.349821075,Baseline,0,0,NA,1
1652,sw17_180a,SW,29/06/2017 15:01,29/06/2017 16:01,0.816676667,0.816676667,0.779199025,0.718923597,0.349821075,Baseline,0,0,NA,1
1653,sw17_180a,SW,29/06/2017 16:01,29/06/2017 17:01,0.783343333,0.783343333,0.779199025,0.718923597,0.349821075,Baseline,0,0,NA,1
1654,sw17_180a,SW,29/06/2017 17:01,29/06/2017 18:01,0.883343333,0.883343333,0.779199025,0.718923597,0.349821075,Baseline,0,0,NA,1
166,sw17_180a,SW,29/06/2017 18:01,29/06/2017 18:41,0.825082886,0.825082886,0.779199025,0.718923597,0.349821075,No-sonar,0,0,NA,0.666944444
167,sw17_180a,SW,29/06/2017 20:56,29/06/2017 21:27,0.806565615,0.806565615,0.779199025,0.718923597,0.349821075,LFAS,1,0,172.3054189,0.516944444
180,sw17_182b,SW,01/07/2017 17:36,01/07/2017 18:18,0.808301397,0.808301397,0.827032975,0.718923597,0.349821075,Baseline,0,0,NA,0.6955
1801,sw17_182b,SW,01/07/2017 18:18,01/07/2017 19:18,0.85001,0.85001,0.827032975,0.718923597,0.349821075,Baseline,0,0,NA,1
1802,sw17_182b,SW,01/07/2017 19:18,01/07/2017 20:18,0.816676667,0.816676667,0.827032975,0.718923597,0.349821075,Baseline,0,0,NA,1
1803,sw17_182b,SW,01/07/2017 20:18,01/07/2017 21:18,0.85001,0.85001,0.827032975,0.718923597,0.349821075,Baseline,0,0,NA,1
1804,sw17_182b,SW,01/07/2017 21:18,01/07/2017 22:18,0.80451,0.80451,0.827032975,0.718923597,0.349821075,Baseline,0,0,NA,1
181,sw17_182b,SW,01/07/2017 22:18,01/07/2017 22:58,0.768356522,0.768356522,0.827032975,0.718923597,0.349821075,No-sonar,0,0,NA,0.666944444
205,sw17_184a,SW,03/07/2017 08:43,03/07/2017 09:24,0.85001,0.85001,0.814285714,0.718923597,0.349821075,Baseline,0,0,NA,0.666666667
2051,sw17_184a,SW,03/07/2017 09:24,03/07/2017 10:24,0.80001,0.80001,0.814285714,0.718923597,0.349821075,Baseline,0,0,NA,1
2052,sw17_184a,SW,03/07/2017 10:24,03/07/2017 11:24,0.85001,0.85001,0.814285714,0.718923597,0.349821075,Baseline,0,0,NA,1
2053,sw17_184a,SW,03/07/2017 11:24,03/07/2017 12:24,0.85001,0.85001,0.814285714,0.718923597,0.349821075,Baseline,0,0,NA,1
2054,sw17_184a,SW,03/07/2017 12:24,03/07/2017 13:24,0.733343333,0.733343333,0.814285714,0.718923597,0.349821075,Baseline,0,0,NA,1
206,sw17_184a,SW,03/07/2017 13:24,03/07/2017 14:04,0.899635156,0.899635156,0.814285714,0.718923597,0.349821075,No-sonar,0,0,NA,0.666944444
219,sw17_186b,SW,05/07/2017 23:40,06/07/2017 00:12,1,1,0.756484522,0.718923597,0.349821075,Baseline,0,0,NA,0.517166667
2191,sw17_186b,SW,06/07/2017 00:12,06/07/2017 01:12,0.783343333,0.783343333,0.756484522,0.718923597,0.349821075,Baseline,0,0,NA,1
2192,sw17_186b,SW,06/07/2017 01:12,06/07/2017 02:12,0.783343333,0.783343333,0.756484522,0.718923597,0.349821075,Baseline,0,0,NA,1
2193,sw17_186b,SW,06/07/2017 02:12,06/07/2017 03:12,0.666176667,0.766676667,0.756484522,0.718923597,0.349821075,Baseline,0,0,NA,1
2194,sw17_186b,SW,06/07/2017 03:12,06/07/2017 04:12,0.667176667,0.85001,0.756484522,0.718923597,0.349821075,Baseline,0,0,NA,1
220,sw17_186b,SW,06/07/2017 04:12,06/07/2017 04:52,0.825082886,0.825082886,0.756484522,0.718923597,0.349821075,No-sonar,0,0,NA,0.666944444
221,sw17_186b,SW,06/07/2017 08:40,06/07/2017 09:12,0.99852143,0.99852143,0.756484522,0.718923597,0.349821075,LFAS,1,0,168.1700054,0.5225
235,sw17_188a,SW,07/07/2017 14:15,07/07/2017 14:31,1,1,0.70703125,0.718923597,0.349821075,Baseline,0,0,NA,0.266666667
2351,sw17_188a,SW,07/07/2017 14:31,07/07/2017 15:31,0.85001,0.85001,0.70703125,0.718923597,0.349821075,Baseline,0,0,NA,1
2352,sw17_188a,SW,07/07/2017 15:31,07/07/2017 16:31,0.666676667,0.833343333,0.70703125,0.718923597,0.349821075,Baseline,0,0,NA,1
2353,sw17_188a,SW,07/07/2017 16:31,07/07/2017 17:31,0.60001,0.70001,0.70703125,0.718923597,0.349821075,Baseline,0,0,NA,1
2354,sw17_188a,SW,07/07/2017 17:31,07/07/2017 18:31,0.633343333,0.883343333,0.70703125,0.718923597,0.349821075,Baseline,0,0,NA,1
237,sw17_188a,SW,07/07/2017 18:31,07/07/2017 19:11,0.42483299,0.725124536,0.70703125,0.718923597,0.349821075,No-sonar,0,0,NA,0.666944444
259,sw17_191a,SW,10/07/2017 14:15,10/07/2017 14:30,1,1,0.815580506,0.718923597,0.349821075,Baseline,0,0,NA,0.234111111
2591,sw17_191a,SW,10/07/2017 14:30,10/07/2017 15:30,0.866676667,0.866676667,0.815580506,0.718923597,0.349821075,Baseline,0,0,NA,1
2592,sw17_191a,SW,10/07/2017 15:30,10/07/2017 16:30,0.683343333,0.683343333,0.815580506,0.718923597,0.349821075,Baseline,0,0,NA,1
2593,sw17_191a,SW,10/07/2017 16:30,10/07/2017 17:30,0.833343333,0.833343333,0.815580506,0.718923597,0.349821075,Baseline,0,0,NA,1
2594,sw17_191a,SW,10/07/2017 17:30,10/07/2017 18:30,0.866676667,0.866676667,0.815580506,0.718923597,0.349821075,Baseline,0,0,NA,1
2595,sw17_191a,SW,10/07/2017 18:30,10/07/2017 19:30,0.85001,0.85001,0.815580506,0.718923597,0.349821075,Baseline,0,0,NA,1
2596,sw17_191a,SW,10/07/2017 19:30,10/07/2017 20:30,0.816676667,0.816676667,0.815580506,0.718923597,0.349821075,Baseline,0,0,NA,1
2597,sw17_191a,SW,10/07/2017 20:30,10/07/2017 21:30,0.749232222,0.749232222,0.815580506,0.718923597,0.349821075,Baseline,0,0,NA,1
260,sw17_191a,SW,10/07/2017 21:30,10/07/2017 22:10,0.751280304,0.751280304,0.815580506,0.718923597,0.349821075,No-sonar,0,0,NA,0.666944444
261,sw17_191a,SW,11/07/2017 01:09,11/07/2017 01:42,0.331761641,0.331761641,0.815580506,0.718923597,0.349821075,LFAS,1,0,162.9588447,0.550277778
11,gm08_150c,PW,29/05/2008 15:15,29/05/2008 16:12,1.00E-05,0.144896534,0,0.129230724,0.03264905,Baseline,0,0,NA,0.922944445
4,gm08_150c,PW,29/05/2008 18:06,29/05/2008 18:36,1.00E-05,0.017671901,0,0.129230724,0.03264905,LFAS,1,0,170.1088726,0.462388889
651,gm08_154d,PW,02/06/2008 23:15,03/06/2008 00:15,1.00E-05,0.336869189,0,0.129230724,0.03264905,Baseline,0,0,NA,0.992666668
652,gm08_154d,PW,03/06/2008 00:15,03/06/2008 01:15,1.00E-05,0.039053244,0,0.129230724,0.03264905,Baseline,0,0,NA,0.991777778
8,gm08_154d,PW,03/06/2008 01:16,03/06/2008 02:35,0.096123196,0.240551823,0,0.129230724,0.03264905,LFAS,1,0,163.4023739,1.287833332
132,gm08_159a,PW,07/06/2008 20:44,07/06/2008 21:07,1.00E-05,0.091616432,0.071831118,0.129230724,0.03264905,Baseline,0,0,NA,0.376611111
1321,gm08_159a,PW,07/06/2008 21:07,07/06/2008 22:07,0.170846591,0.227196418,0.071831118,0.129230724,0.03264905,Baseline,0,0,NA,0.994777778
1322,gm08_159a,PW,07/06/2008 22:07,07/06/2008 23:07,1.00E-05,0.108607285,0.071831118,0.129230724,0.03264905,Baseline,0,0,NA,0.9945
151,gm08_159a,PW,07/06/2008 23:07,07/06/2008 23:37,0.631352466,0.702037397,0.071831118,0.129230724,0.03264905,No-sonar,0,0,NA,0.506944444
16,gm08_159a,PW,08/06/2008 00:34,08/06/2008 01:08,1.00E-05,0.210264372,0.071831118,0.129230724,0.03264905,LFAS,1,0,175.4450112,0.559111111
182,gm08_159a,PW,08/06/2008 04:38,08/06/2008 05:26,0.125841991,0.503758336,0.071831118,0.129230724,0.03264905,PB-fish,0,1,NA,0.792944444
2614,gm09_138a,PW,18/05/2009 11:31,18/05/2009 11:42,0.500338538,0.500338538,0.184606589,0.129230724,0.03264905,Baseline,0,0,NA,0.179326613
2611,gm09_138a,PW,18/05/2009 11:42,18/05/2009 12:42,0.497493221,0.497493221,0.184606589,0.129230724,0.03264905,Baseline,0,0,NA,0.993333335
2612,gm09_138a,PW,18/05/2009 12:42,18/05/2009 13:42,1.00E-05,1.00E-05,0.184606589,0.129230724,0.03264905,Baseline,0,0,NA,0.99488889
2613,gm09_138a,PW,18/05/2009 13:42,18/05/2009 14:42,1.00E-05,0.025964454,0.184606589,0.129230724,0.03264905,Baseline,0,0,NA,0.995333334
30,gm09_138a,PW,18/05/2009 14:43,18/05/2009 15:14,1.00E-05,1.00E-05,0.184606589,0.129230724,0.03264905,LFAS,1,0,171.6297931,0.506277778
324,gm09_138a,PW,18/05/2009 18:40,18/05/2009 19:14,0.717123729,0.717123729,0.184606589,0.129230724,0.03264905,No-sonar,0,0,NA,0.561277778
4011,gm09_156b,PW,05/06/2009 18:30,05/06/2009 19:30,1.00E-05,1.00E-05,0.239378067,0.129230724,0.03264905,Baseline,0,0,NA,0.996
4012,gm09_156b,PW,05/06/2009 19:30,05/06/2009 20:30,1.00E-05,1.00E-05,0.239378067,0.129230724,0.03264905,Baseline,0,0,NA,0.995277777
4013,gm09_156b,PW,05/06/2009 20:30,05/06/2009 21:30,0.102471075,0.44049217,0.239378067,0.129230724,0.03264905,Baseline,0,0,NA,0.9955
4014,gm09_156b,PW,05/06/2009 21:30,05/06/2009 22:30,0.50308194,0.638358973,0.239378067,0.129230724,0.03264905,Baseline,0,0,NA,0.994666666
4015,gm09_156b,PW,05/06/2009 22:30,05/06/2009 23:30,0.606789851,0.606789851,0.239378067,0.129230724,0.03264905,Baseline,0,0,NA,0.994777778
43,gm09_156b,PW,05/06/2009 23:30,06/06/2009 00:02,0.332532393,0.37112578,0.239378067,0.129230724,0.03264905,No-sonar,0,0,NA,0.502388889
44,gm09_156b,PW,06/06/2009 01:38,06/06/2009 02:09,1.00E-05,0.362960257,0.239378067,0.129230724,0.03264905,LFAS,1,0,179.8408416,0.485833333
471,gm09_156b,PW,06/06/2009 06:50,06/06/2009 07:33,0.477700996,0.539914839,0.239378067,0.129230724,0.03264905,PB-fish,0,1,NA,0.618833333
571,gm10_000a,PW,24/05/2010 02:28,24/05/2010 03:02,1.00E-05,0.570427139,0,0.129230724,0.03264905,Baseline,0,0,NA,0.566440972
5711,gm10_000a,PW,24/05/2010 03:02,24/05/2010 04:02,1.00E-05,0.620027622,0,0.129230724,0.03264905,Baseline,0,0,NA,0.995043403
61,gm10_000a,PW,24/05/2010 04:02,24/05/2010 04:16,1.00E-05,0.478338115,0,0.129230724,0.03264905,PB-BBN,0,0,NA,0.230112847
62,gm10_000a,PW,24/05/2010 04:35,24/05/2010 04:49,1.00E-05,0.63863963,0,0.129230724,0.03264905,PB-fish,0,1,NA,0.234375
1031,gm10_158d,PW,07/06/2010 17:03,07/06/2010 17:59,1.00E-05,0.022787678,0,0.129230724,0.03264905,Baseline,0,0,NA,0.926833335
10311,gm10_158d,PW,07/06/2010 17:59,07/06/2010 18:59,1.00E-05,0.034220968,0,0.129230724,0.03264905,Baseline,0,0,NA,0.993833334
10312,gm10_158d,PW,07/06/2010 18:59,07/06/2010 19:59,1.00E-05,0.05275627,0,0.129230724,0.03264905,Baseline,0,0,NA,0.994277779
107,gm10_158d,PW,07/06/2010 19:59,07/06/2010 20:14,1.00E-05,1.00E-05,0,0.129230724,0.03264905,PB-BBN,0,0,NA,0.238
108,gm10_158d,PW,07/06/2010 20:18,07/06/2010 20:33,1.00E-05,0.483343333,0,0.129230724,0.03264905,PB-fish,0,1,NA,0.246666667
1131,gm13_137a,PW,17/05/2013 14:23,17/05/2013 15:09,0.080041984,0.459557866,0.045834005,0.129230724,0.03264905,Baseline,0,0,NA,0.764277778
11311,gm13_137a,PW,17/05/2013 15:09,17/05/2013 16:09,0.065426388,0.156015805,0.045834005,0.129230724,0.03264905,Baseline,0,0,NA,0.995333334
11312,gm13_137a,PW,17/05/2013 16:09,17/05/2013 17:09,1.00E-05,1.00E-05,0.045834005,0.129230724,0.03264905,Baseline,0,0,NA,0.995500001
1161,gm13_137a,PW,17/05/2013 19:04,17/05/2013 19:19,1.00E-05,0.047792406,0.045834005,0.129230724,0.03264905,PB-mammal,0,1,NA,0.226722222
1171,gm13_149a,PW,29/05/2013 09:43,29/05/2013 10:40,0.630895453,0.630895453,0.604475693,0.129230724,0.03264905,Baseline,0,0,NA,0.948666666
11711,gm13_149a,PW,29/05/2013 10:40,29/05/2013 11:40,0.57930995,0.599016308,0.604475693,0.129230724,0.03264905,Baseline,0,0,NA,0.995166666
120,gm13_149a,PW,29/05/2013 13:37,29/05/2013 13:52,1.00E-05,0.43979384,0.604475693,0.129230724,0.03264905,PB-mammal,0,1,NA,0.215888889
12111,gm13_169a,PW,18/06/2013 09:23,18/06/2013 10:23,0.05607746,0.36187966,0.275412496,0.129230724,0.03264905,Baseline,0,0,NA,0.994833334
12112,gm13_169a,PW,18/06/2013 10:23,18/06/2013 11:23,0.512403925,0.580738003,0.275412496,0.129230724,0.03264905,Baseline,0,0,NA,0.995111113
124,gm13_169a,PW,18/06/2013 11:23,18/06/2013 11:39,0.13201883,0.286102715,0.275412496,0.129230724,0.03264905,PB-mammal,0,1,NA,0.251666667
1261,gm13_169a,PW,18/06/2013 14:26,18/06/2013 14:41,1.00E-05,0.099019901,0.275412496,0.129230724,0.03264905,PB-BBN,0,0,NA,0.246888889
1271,gm14_180a,PW,29/06/2014 11:06,29/06/2014 11:27,1.00E-05,0.159454614,0,0.129230724,0.03264905,Baseline,0,0,NA,0.364111111
12711,gm14_180a,PW,29/06/2014 11:27,29/06/2014 12:27,1.00E-05,0.03087903,0,0.129230724,0.03264905,Baseline,0,0,NA,0.993444445
12712,gm14_180a,PW,29/06/2014 12:27,29/06/2014 13:27,1.00E-05,1.00E-05,0,0.129230724,0.03264905,Baseline,0,0,NA,0.994277778
1311,gm14_180a,PW,29/06/2014 15:16,29/06/2014 15:31,1.00E-05,0.197021494,0,0.129230724,0.03264905,PB-mammal,0,1,NA,0.241666667
239,mn11_157a,HW,05/06/2011 22:52,05/06/2011 23:09,0.459459415,0.482483094,0.061565144,0.226777151,0.004650538,Baseline,0,0,NA,0.284069394
2311,mn11_157a,HW,05/06/2011 23:09,06/06/2011 00:09,0.293668234,0.462261092,0.061565144,0.226777151,0.004650538,Baseline,0,0,NA,0.999999998
2321,mn11_157a,HW,06/06/2011 00:09,06/06/2011 01:09,0.085846171,0.463119753,0.061565144,0.226777151,0.004650538,Baseline,0,0,NA,0.999999998
233,mn11_157a,HW,06/06/2011 01:09,06/06/2011 02:09,1.00E-05,0.175954445,0.061565144,0.226777151,0.004650538,Baseline,0,0,NA,0.999999999
234,mn11_157a,HW,06/06/2011 02:09,06/06/2011 03:09,1.00E-05,1.00E-05,0.061565144,0.226777151,0.004650538,Baseline,0,0,NA,0.999999999
2355,mn11_157a,HW,06/06/2011 03:09,06/06/2011 04:09,1.00E-05,0.033232222,0.061565144,0.226777151,0.004650538,Baseline,0,0,NA,0.999999999
236,mn11_157a,HW,06/06/2011 04:09,06/06/2011 05:09,1.00E-05,0.054732222,0.061565144,0.226777151,0.004650538,Baseline,0,0,NA,0.999999999
2371,mn11_157a,HW,06/06/2011 05:09,06/06/2011 06:09,1.00E-05,1.00E-05,0.061565144,0.226777151,0.004650538,Baseline,0,0,NA,0.999999999
238,mn11_157a,HW,06/06/2011 06:09,06/06/2011 07:09,1.00E-05,0.214343334,0.061565144,0.226777151,0.004650538,Baseline,0,0,NA,0.999999999
3,mn11_157a,HW,06/06/2011 07:09,06/06/2011 07:19,1.00E-05,0.554927444,0.061565144,0.226777151,0.004650538,No-sonar,0,0,NA,0.154777778
48,mn11_157a,HW,06/06/2011 09:23,06/06/2011 09:33,1.00E-05,1.00E-05,0.061565144,0.226777151,0.004650538,LFAS,1,0,164.1414494,0.146277778
6,mn11_157a,HW,06/06/2011 11:40,06/06/2011 11:56,1.00E-05,1.00E-05,0.061565144,0.226777151,0.004650538,PB-mammal,0,1,NA,0.254555555
7,mn11_157a,HW,06/06/2011 12:14,06/06/2011 12:30,1.00E-05,1.00E-05,0.061565144,0.226777151,0.004650538,PB-BBN,0,0,NA,0.241166667
161,mn11_160a,HW,09/06/2011 00:20,09/06/2011 01:16,1.00E-05,0.490303192,0,0.226777151,0.004650538,Baseline,0,0,NA,0.908583333
1611,mn11_160a,HW,09/06/2011 01:16,09/06/2011 02:16,1.00E-05,0.689787778,0,0.226777151,0.004650538,Baseline,0,0,NA,0.999999999
1612,mn11_160a,HW,09/06/2011 02:16,09/06/2011 03:16,1.00E-05,0.763315556,0,0.226777151,0.004650538,Baseline,0,0,NA,0.999999999
1613,mn11_160a,HW,09/06/2011 03:16,09/06/2011 04:16,1.00E-05,0.681871112,0,0.226777151,0.004650538,Baseline,0,0,NA,0.999999999
1614,mn11_160a,HW,09/06/2011 04:16,09/06/2011 05:16,1.00E-05,0.742819799,0,0.226777151,0.004650538,Baseline,0,0,NA,0.999999999
1615,mn11_160a,HW,09/06/2011 05:16,09/06/2011 06:16,1.00E-05,0.537738047,0,0.226777151,0.004650538,Baseline,0,0,NA,0.999999999
1616,mn11_160a,HW,09/06/2011 06:16,09/06/2011 07:16,1.00E-05,0.173371111,0,0.226777151,0.004650538,Baseline,0,0,NA,0.999999999
174,mn11_160a,HW,09/06/2011 07:16,09/06/2011 07:26,1.00E-05,1.00E-05,0,0.226777151,0.004650538,No-sonar,0,0,NA,0.161944445
183,mn11_160a,HW,09/06/2011 09:14,09/06/2011 09:24,1.00E-05,0.327070113,0,0.226777151,0.004650538,LFAS,1,0,173.5628883,0.152027778
201,mn11_160a,HW,09/06/2011 12:13,09/06/2011 12:29,1.00E-05,0.199866822,0,0.226777151,0.004650538,PB-mammal,0,1,NA,0.258240427
211,mn11_160a,HW,09/06/2011 13:03,09/06/2011 13:19,1.00E-05,1.00E-05,0,0.226777151,0.004650538,PB-BBN,0,0,NA,0.259295176
3214,mn11_165d,HW,14/06/2011 14:15,14/06/2011 14:40,0.372252316,0.762902831,0.406416002,0.226777151,0.004650538,Baseline,0,0,NA,0.394944444
3211,mn11_165d,HW,14/06/2011 14:40,14/06/2011 15:40,0.741025261,0.819085879,0.406416002,0.226777151,0.004650538,Baseline,0,0,NA,0.999999999
3212,mn11_165d,HW,14/06/2011 15:40,14/06/2011 16:40,0.453152756,0.818568929,0.406416002,0.226777151,0.004650538,Baseline,0,0,NA,0.999999999
3213,mn11_165d,HW,14/06/2011 16:40,14/06/2011 17:40,0.038596698,0.704621397,0.406416002,0.226777151,0.004650538,Baseline,0,0,NA,0.999999999
33,mn11_165d,HW,14/06/2011 17:40,14/06/2011 17:50,1.00E-05,0.877817403,0.406416002,0.226777151,0.004650538,No-sonar,0,0,NA,0.163036999
341,mn11_165d,HW,14/06/2011 19:56,14/06/2011 20:06,1.00E-05,0.096949815,0.406416002,0.226777151,0.004650538,LFAS,1,0,175.815811,0.15751257
36,mn11_165d,HW,14/06/2011 22:33,14/06/2011 22:48,1.00E-05,1.00E-05,0.406416002,0.226777151,0.004650538,PB-mammal,0,1,NA,0.247485405
37,mn11_165d,HW,14/06/2011 23:22,14/06/2011 23:37,1.00E-05,1.00E-05,0.406416002,0.226777151,0.004650538,PB-BBN,0,0,NA,0.246893426
661,mn12_161a,HW,09/06/2012 18:02,09/06/2012 18:44,0.141768752,0.483038593,0.053041249,0.226777151,0.004650538,Baseline,0,0,NA,0.699999999
6611,mn12_161a,HW,09/06/2012 18:44,09/06/2012 19:44,0.049732222,0.874259629,0.053041249,0.226777151,0.004650538,Baseline,0,0,NA,0.999999999
6612,mn12_161a,HW,09/06/2012 19:44,09/06/2012 20:44,0.100350523,0.349485892,0.053041249,0.226777151,0.004650538,Baseline,0,0,NA,0.999999999
6613,mn12_161a,HW,09/06/2012 20:44,09/06/2012 21:44,1.00E-05,0.041843333,0.053041249,0.226777151,0.004650538,Baseline,0,0,NA,0.999999999
6614,mn12_161a,HW,09/06/2012 21:44,09/06/2012 22:44,1.00E-05,0.294898889,0.053041249,0.226777151,0.004650538,Baseline,0,0,NA,0.999999999
67,mn12_161a,HW,09/06/2012 22:44,09/06/2012 22:54,1.00E-05,0.871259128,0.053041249,0.226777151,0.004650538,No-sonar,0,0,NA,0.159222222
68,mn12_161a,HW,10/06/2012 00:59,10/06/2012 01:09,1.00E-05,1.00E-05,0.053041249,0.226777151,0.004650538,LFAS,1,0,167.6484753,0.153944444
71,mn12_161a,HW,10/06/2012 04:59,10/06/2012 05:14,1.00E-05,1.00E-05,0.053041249,0.226777151,0.004650538,PB-BBN,0,0,NA,0.243277778
70,mn12_161a,HW,10/06/2012 05:48,10/06/2012 06:04,0.037626873,0.43901848,0.053041249,0.226777151,0.004650538,PB-mammal,0,1,NA,0.2555
8211,mn12_164a,HW,12/06/2012 18:28,12/06/2012 19:28,1.00E-05,1.00E-05,0.245278394,0.226777151,0.004650538,Baseline,0,0,NA,0.999999999
8212,mn12_164a,HW,12/06/2012 19:28,12/06/2012 20:28,0.484787778,0.830343334,0.245278394,0.226777151,0.004650538,Baseline,0,0,NA,0.999999999
8213,mn12_164a,HW,12/06/2012 20:28,12/06/2012 21:28,0.508287778,0.70339889,0.245278394,0.226777151,0.004650538,Baseline,0,0,NA,0.999999999
8214,mn12_164a,HW,12/06/2012 21:28,12/06/2012 22:28,0.007676667,0.064343334,0.245278394,0.226777151,0.004650538,Baseline,0,0,NA,0.999999999
83,mn12_164a,HW,12/06/2012 22:28,12/06/2012 22:38,0.149013148,1,0.245278394,0.226777151,0.004650538,No-sonar,0,0,NA,0.158833333
84,mn12_164a,HW,13/06/2012 00:01,13/06/2012 00:10,1.00E-05,0.027949465,0.245278394,0.226777151,0.004650538,LFAS,1,0,173.4958172,0.143166667
871,mn12_164b,HW,13/06/2012 04:45,13/06/2012 05:41,0.46793484,0.608298092,0.46792484,0.226777151,0.004650538,Baseline,0,0,NA,0.945166666
87,mn12_164b,HW,13/06/2012 05:41,13/06/2012 05:56,0.827474718,0.827474718,0.46792484,0.226777151,0.004650538,PB-BBN,0,0,NA,0.238345174
86,mn12_164b,HW,13/06/2012 06:25,13/06/2012 06:40,1.00E-05,1.00E-05,0.46792484,0.226777151,0.004650538,PB-mammal,0,1,NA,0.245722222
921,mn12_170a,HW,18/06/2012 03:56,18/06/2012 04:49,1.00E-05,1.00E-05,0,0.226777151,0.004650538,Baseline,0,0,NA,0.820333333
9211,mn12_170a,HW,18/06/2012 04:49,18/06/2012 05:49,1.00E-05,0.190065556,0,0.226777151,0.004650538,Baseline,0,0,NA,0.999999999
9212,mn12_170a,HW,18/06/2012 05:49,18/06/2012 06:49,1.00E-05,0.119065556,0,0.226777151,0.004650538,Baseline,0,0,NA,0.999999999
9213,mn12_170a,HW,18/06/2012 06:49,18/06/2012 07:49,1.00E-05,0.207121111,0,0.226777151,0.004650538,Baseline,0,0,NA,0.999999999
9214,mn12_170a,HW,18/06/2012 07:49,18/06/2012 08:49,1.00E-05,0.188343333,0,0.226777151,0.004650538,Baseline,0,0,NA,1
93,mn12_170a,HW,18/06/2012 08:49,18/06/2012 08:59,1.00E-05,0.504080556,0,0.226777151,0.004650538,No-sonar,0,0,NA,0.163777778
94,mn12_170a,HW,18/06/2012 10:41,18/06/2012 10:51,1.00E-05,0.780962381,0,0.226777151,0.004650538,LFAS,1,0,173.5039518,0.151666667
97,mn12_170a,HW,18/06/2012 15:01,18/06/2012 15:17,0.382807732,0.971418318,0,0.226777151,0.004650538,PB-BBN,0,0,NA,0.235111111
96,mn12_170a,HW,18/06/2012 15:48,18/06/2012 16:03,1.00E-05,0.288286171,0,0.226777151,0.004650538,PB-mammal,0,1,NA,0.247833333
1081,mn12_171a,HW,19/06/2012 12:29,19/06/2012 12:48,0.657666024,0.855597809,0.637836722,0.226777151,0.004650538,Baseline,0,0,NA,0.306222222
10811,mn12_171a,HW,19/06/2012 12:48,19/06/2012 13:48,0.376843334,0.842676667,0.637836722,0.226777151,0.004650538,Baseline,0,0,NA,0.999999999
10812,mn12_171a,HW,19/06/2012 13:48,19/06/2012 14:48,0.436121111,0.80701,0.637836722,0.226777151,0.004650538,Baseline,0,0,NA,0.999999999
10813,mn12_171a,HW,19/06/2012 14:48,19/06/2012 15:48,0.855565556,0.885621112,0.637836722,0.226777151,0.004650538,Baseline,0,0,NA,0.999999999
10814,mn12_171a,HW,19/06/2012 15:48,19/06/2012 16:48,0.876787778,0.876787778,0.637836722,0.226777151,0.004650538,Baseline,0,0,NA,0.999999999
109,mn12_171a,HW,19/06/2012 16:48,19/06/2012 16:58,0.776719402,0.924511424,0.637836722,0.226777151,0.004650538,No-sonar,0,0,NA,0.156
110,mn12_171a,HW,19/06/2012 18:37,19/06/2012 18:47,0.287827446,0.547672863,0.637836722,0.226777151,0.004650538,LFAS,1,0,178.8973403,0.150944444
112,mn12_171a,HW,19/06/2012 21:57,19/06/2012 22:12,1.00E-05,1.00E-05,0.637836722,0.226777151,0.004650538,PB-mammal,0,1,NA,0.245222222
113,mn12_171a,HW,19/06/2012 23:06,19/06/2012 23:20,0.266344046,0.847242122,0.637836722,0.226777151,0.004650538,PB-BBN,0,0,NA,0.233833333
1241,mn12_178a,HW,26/06/2012 01:00,26/06/2012 01:15,1.00E-05,0.773375881,0,0.226777151,0.004650538,Baseline,0,0,NA,0.245777778
12411,mn12_178a,HW,26/06/2012 01:15,26/06/2012 02:15,1.00E-05,0.812943774,0,0.226777151,0.004650538,Baseline,0,0,NA,0.999999999
12412,mn12_178a,HW,26/06/2012 02:15,26/06/2012 03:15,1.00E-05,0.833099246,0,0.226777151,0.004650538,Baseline,0,0,NA,0.999999999
12413,mn12_178a,HW,26/06/2012 03:15,26/06/2012 04:15,1.00E-05,0.74093322,0,0.226777151,0.004650538,Baseline,0,0,NA,1
12414,mn12_178a,HW,26/06/2012 04:15,26/06/2012 05:15,1.00E-05,0.779343334,0,0.226777151,0.004650538,Baseline,0,0,NA,0.999999999
1255,mn12_178a,HW,26/06/2012 05:15,26/06/2012 05:25,1.00E-05,0.811350567,0,0.226777151,0.004650538,No-sonar,0,0,NA,0.158722222
1262,mn12_178a,HW,26/06/2012 07:26,26/06/2012 07:35,1.00E-05,0.896522936,0,0.226777151,0.004650538,LFAS,1,0,173.9000682,0.148166667
1291,mn12_179a,HW,27/06/2012 08:11,27/06/2012 08:51,1.00E-05,1.00E-05,0,0.226777151,0.004650538,Baseline,0,0,NA,0.62286761
12911,mn12_179a,HW,27/06/2012 08:51,27/06/2012 09:51,1.00E-05,0.020065556,0,0.226777151,0.004650538,Baseline,0,0,NA,0.999999999
12912,mn12_179a,HW,27/06/2012 09:51,27/06/2012 10:51,1.00E-05,0.531168104,0,0.226777151,0.004650538,Baseline,0,0,NA,0.999999999
12913,mn12_179a,HW,27/06/2012 10:51,27/06/2012 11:51,1.00E-05,0.727529561,0,0.226777151,0.004650538,Baseline,0,0,NA,0.999999999
12914,mn12_179a,HW,27/06/2012 11:51,27/06/2012 12:51,1.00E-05,0.27441698,0,0.226777151,0.004650538,Baseline,0,0,NA,0.999999999
12915,mn12_179a,HW,27/06/2012 12:51,27/06/2012 13:51,1.00E-05,1.00E-05,0,0.226777151,0.004650538,Baseline,0,0,NA,0.999999999
130,mn12_179a,HW,27/06/2012 13:51,27/06/2012 14:01,1.00E-05,1.00E-05,0,0.226777151,0.004650538,No-sonar,0,0,NA,0.154345243
1312,mn12_179a,HW,27/06/2012 15:07,27/06/2012 15:17,1.00E-05,1.00E-05,0,0.226777151,0.004650538,LFAS,1,0,172.6884956,0.155277778
1351,mn12_180a,HW,28/06/2012 17:17,28/06/2012 18:01,0.643219008,0.847222449,0.622486309,0.226777151,0.004650538,Baseline,0,0,NA,0.710499999
13511,mn12_180a,HW,28/06/2012 18:01,28/06/2012 19:01,0.505621112,0.810843334,0.622486309,0.226777151,0.004650538,Baseline,0,0,NA,0.999999999
13512,mn12_180a,HW,28/06/2012 19:01,28/06/2012 20:01,0.605634337,0.802134337,0.622486309,0.226777151,0.004650538,Baseline,0,0,NA,0.999999999
13513,mn12_180a,HW,28/06/2012 20:01,28/06/2012 21:01,0.741510001,0.813232223,0.622486309,0.226777151,0.004650538,Baseline,0,0,NA,0.999999999
136,mn12_180a,HW,28/06/2012 21:01,28/06/2012 21:11,0.075740891,0.847491508,0.622486309,0.226777151,0.004650538,No-sonar,0,0,NA,0.157722222
137,mn12_180a,HW,28/06/2012 22:55,28/06/2012 23:05,0.083795881,0.570607362,0.622486309,0.226777151,0.004650538,LFAS,1,0,171.1985108,0.143222222
140,mn12_180a,HW,29/06/2012 03:24,29/06/2012 03:39,1.00E-05,1.00E-05,0.622486309,0.226777151,0.004650538,PB-BBN,0,0,NA,0.234777778
139,mn12_180a,HW,29/06/2012 04:10,29/06/2012 04:25,1.00E-05,0.606743119,0.622486309,0.226777151,0.004650538,PB-mammal,0,1,NA,0.246692241
2,ha13_176a,BW,25/06/2013 00:19,25/06/2013 00:53,1.00E-05,1.00E-05,0.412986877,0.49144133,0,Baseline,0,0,NA,0.552183333
212,ha13_176a,BW,25/06/2013 00:53,25/06/2013 01:53,1.00E-05,1.00E-05,0.412986877,0.49144133,0,Baseline,0,0,NA,0.999777778
22,ha13_176a,BW,25/06/2013 01:53,25/06/2013 02:53,0.469040236,0.469040236,0.412986877,0.49144133,0,Baseline,0,0,NA,0.9999
2310,ha13_176a,BW,25/06/2013 02:53,25/06/2013 03:53,0.550341431,0.550341431,0.412986877,0.49144133,0,Baseline,0,0,NA,0.999872222
241,ha13_176a,BW,25/06/2013 03:53,25/06/2013 04:53,0.532926162,0.532926162,0.412986877,0.49144133,0,Baseline,0,0,NA,0.999677778
251,ha13_176a,BW,25/06/2013 04:53,25/06/2013 05:53,0.336264077,0.336264077,0.412986877,0.49144133,0,Baseline,0,0,NA,0.999872222
26,ha13_176a,BW,25/06/2013 05:53,25/06/2013 06:53,0.638270986,0.638270986,0.412986877,0.49144133,0,Baseline,0,0,NA,0.9998
271,ha13_176a,BW,25/06/2013 06:53,25/06/2013 07:53,0.635437721,0.635437721,0.412986877,0.49144133,0,Baseline,0,0,NA,0.999938889
28,ha13_176a,BW,25/06/2013 07:53,25/06/2013 08:53,0.559884633,0.559884633,0.412986877,0.49144133,0,Baseline,0,0,NA,0.999727778
29,ha13_176a,BW,25/06/2013 08:53,25/06/2013 09:53,0.222884128,0.222884128,0.412986877,0.49144133,0,Baseline,0,0,NA,0.999916667
31,ha13_176a,BW,25/06/2013 10:04,25/06/2013 10:28,1.00E-05,1.00E-05,0.412986877,0.49144133,0,LFAS,1,0,151.4482019,0.394444444
5,ha15_171a,BW,20/06/2015 12:27,20/06/2015 13:13,0.022337965,0.022337965,0.55570592,0.49144133,0,Baseline,0,0,NA,0.758888889
51,ha15_171a,BW,20/06/2015 13:13,20/06/2015 14:13,0.754803615,0.754803615,0.55570592,0.49144133,0,Baseline,0,0,NA,0.999883333
527,ha15_171a,BW,20/06/2015 14:13,20/06/2015 15:13,0.761434055,0.761434055,0.55570592,0.49144133,0,Baseline,0,0,NA,0.999961111
72,ha15_171a,BW,20/06/2015 16:33,20/06/2015 16:48,1.00E-05,1.00E-05,0.55570592,0.49144133,0,PB-mammal,0,1,NA,0.25
91,ha15_179b,BW,28/06/2015 22:48,28/06/2015 23:48,0.423751055,0.423751055,0.428840539,0.49144133,0,Baseline,0,0,NA,0.999955556
92,ha15_179b,BW,28/06/2015 23:48,29/06/2015 00:48,0.511375341,0.511375341,0.428840539,0.49144133,0,Baseline,0,0,NA,0.999872222
931,ha15_179b,BW,29/06/2015 00:48,29/06/2015 01:48,0.504007733,0.504007733,0.428840539,0.49144133,0,Baseline,0,0,NA,0.999872222
941,ha15_179b,BW,29/06/2015 01:48,29/06/2015 02:48,0.254699202,0.254699202,0.428840539,0.49144133,0,Baseline,0,0,NA,0.999933333
10,ha15_179b,BW,29/06/2015 02:48,29/06/2015 03:03,1.00E-05,1.00E-05,0.428840539,0.49144133,0,LFAS,1,0,128.3794976,0.25
12,ha16_170a,BW,18/06/2016 08:06,18/06/2016 08:16,1.00E-05,1.00E-05,0.568231985,0.49144133,0,Baseline,0,0,NA,0.166038889
121,ha16_170a,BW,18/06/2016 08:16,18/06/2016 09:16,0.480142009,0.480142009,0.568231985,0.49144133,0,Baseline,0,0,NA,0.999933333
122,ha16_170a,BW,18/06/2016 09:16,18/06/2016 10:16,0.706353561,0.706353561,0.568231985,0.49144133,0,Baseline,0,0,NA,0.999788889
123,ha16_170a,BW,18/06/2016 10:16,18/06/2016 11:16,0.651141521,0.651141521,0.568231985,0.49144133,0,Baseline,0,0,NA,0.999883333
1242,ha16_170a,BW,18/06/2016 11:16,18/06/2016 12:16,0.529703204,0.529703204,0.568231985,0.49144133,0,Baseline,0,0,NA,0.999761111
133,ha16_170a,BW,18/06/2016 12:36,18/06/2016 12:51,1.00E-05,1.00E-05,0.568231985,0.49144133,0,LFAS,1,0,128.0332501,0.167738889
